{
    "rmse": 0.7869981010484606,
    "mae": 0.6189683864920533,
    "r2": 0.1312554306649255
}