{
    "rmse": 0.7034248448084316,
    "mae": 0.5723728845037808,
    "r2": 0.22004017608170545
}