{
    "rmse": 0.6831245124845797,
    "mae": 0.5557078855459365,
    "r2": 0.1812998253380793
}