{
    "rmse": 0.7408085799409789,
    "mae": 0.6010465285738579,
    "r2": 0.16466021977370549
}